case_id,product,scenario,cosine_similarity_mean,cosine_similarity_min,cosine_similarity_max,bdd_compliance,duration_seconds,semantic_score_avg
TC-001,NetMonk,Device Status Page,0.6611096084205952,0.6071913785169164,0.7935272780604079,1.0,3.6,4.5
TC-002,NetMonk,QoS Status Page,0.6546403792463403,0.44441042077941584,0.7382488004756176,1.0,3.2,4.4
TC-003,NetMonk,Link Utilization Page,0.6602036839424362,0.6080141463577341,0.7738202050039239,1.0,3.5,4.35
TC-004,NetMonk,Starred Link Page,0.5676262386107579,0.46117982328734014,0.6337100157647083,1.0,3.8,4.157894736842105
TC-005,NetMonk,CPU Usage Page,0.530367923901085,0.3683129049493926,0.6762744338196237,1.0,3.9,1.55
